iter	MultiQuantile:alpha=0.02,0.05,0.1,0.2,0.3,0.4,0.5,0.6,0.7,0.8,0.9,0.95,0.98
0	0.2992199504
1	0.2957107771
2	0.2923494303
3	0.2893131306
4	0.2865322852
5	0.284006335
6	0.2815367083
7	0.2793000448
8	0.2772213981
9	0.2753949295
10	0.2733570514
11	0.2714636773
12	0.269868894
13	0.2683016638
14	0.2667327833
15	0.2652483134
16	0.2639298066
17	0.2627133329
18	0.2615017773
19	0.2603924958
20	0.2593273433
21	0.2583743534
22	0.2575116634
23	0.2565707626
24	0.2556542219
25	0.254933367
26	0.2543178998
27	0.2536759922
28	0.2529124431
29	0.252332299
30	0.2516488464
31	0.2509892304
32	0.250293604
33	0.2498031265
34	0.2491948296
35	0.2485488912
36	0.2479944645
37	0.2474744152
38	0.2469360546
39	0.2465073396
40	0.2460389032
41	0.2456447354
42	0.2453132499
43	0.2449599029
44	0.2446211146
45	0.2442648731
46	0.2438186918
47	0.2433888818
48	0.2430125507
49	0.2426768943
50	0.2422995932
51	0.2420030632
52	0.2416625997
53	0.2412861179
54	0.240956074
55	0.2406370991
56	0.2402733973
57	0.2399379307
58	0.2397089367
59	0.2393361972
60	0.2390728141
61	0.2387858576
62	0.238489858
63	0.2382702884
64	0.238036159
65	0.2377689475
66	0.2374642173
67	0.2371974186
68	0.2369053874
69	0.2366486433
70	0.2364283073
71	0.236204104
72	0.2359968914
73	0.2356946252
74	0.2355079801
75	0.2352693775
76	0.2350672419
77	0.2348352753
78	0.2347033841
79	0.2345310831
80	0.2342554862
81	0.2341065598
82	0.233932385
83	0.2337529993
84	0.2335823099
85	0.2334536626
86	0.233289563
87	0.2331134332
88	0.2329552951
89	0.2327522814
90	0.2325847971
91	0.2323311117
92	0.2322004879
93	0.2320432163
94	0.2318871151
95	0.2316870196
96	0.2315434119
97	0.2313699378
98	0.2311623752
99	0.2309732069
100	0.2308058354
101	0.2306492155
102	0.2305308541
103	0.2303751043
104	0.2301845248
105	0.2300562139
106	0.2299188638
107	0.2297596074
108	0.2295876223
109	0.2294751601
110	0.2293550119
111	0.2292217581
112	0.2291023444
113	0.2290112152
114	0.2288757693
115	0.2287459476
116	0.2286203798
117	0.2285231944
118	0.2283975408
119	0.2282920113
120	0.2281503038
121	0.2280308864
122	0.227889944
123	0.2277381962
124	0.2275993965
125	0.2274961018
126	0.227360501
127	0.2272050918
128	0.2270932693
129	0.2269669507
130	0.2268235898
131	0.2267386746
132	0.2266208695
133	0.2265149702
134	0.226419533
135	0.2263327999
136	0.2262097032
137	0.2261221601
138	0.22597583
139	0.2258282144
140	0.2257702034
141	0.2256264586
142	0.2255170378
143	0.2254143121
144	0.2253047669
145	0.2251878932
146	0.225019823
147	0.2248816196
148	0.2247691424
149	0.224685068
150	0.2245855956
151	0.2244836526
152	0.2243570933
153	0.2242335073
154	0.2241230155
155	0.2240217492
156	0.2239178167
157	0.2238166246
158	0.2237065528
159	0.2236165468
160	0.2235228203
161	0.2234681625
162	0.2233803495
163	0.223312267
164	0.2232092353
165	0.2230934961
166	0.2230101662
167	0.2229414364
168	0.2228648906
169	0.2227364817
170	0.2226021271
171	0.2224893097
172	0.2224064998
173	0.2223378218
174	0.2222416927
175	0.2221485631
176	0.2220692839
177	0.2220096932
178	0.2219111226
179	0.2218247017
180	0.2217339767
181	0.221637935
182	0.2215288583
183	0.2214625101
184	0.221361784
185	0.2212889092
186	0.2211913593
187	0.2210900694
188	0.2209930613
189	0.2208910152
190	0.220811145
191	0.2207034091
192	0.2205953249
193	0.2205094203
194	0.2204398031
195	0.220359169
196	0.2202685645
197	0.2201592571
198	0.2200911113
199	0.2199934625
200	0.2199104125
201	0.2198027385
202	0.2196976638
203	0.2196143491
204	0.2195224523
205	0.2194220309
206	0.2193016388
207	0.2192306224
208	0.2191213941
209	0.2190043868
210	0.2189406638
211	0.2188224578
212	0.2187357208
213	0.2186637272
214	0.2186051353
215	0.2185172616
216	0.2184601447
217	0.2183457627
218	0.2182559992
219	0.2181454576
220	0.2180697906
221	0.2179506978
222	0.2178717625
223	0.2177715329
224	0.2176710044
225	0.2175931796
226	0.2174807887
227	0.2173798106
228	0.2172634565
229	0.2171558471
230	0.2170452081
231	0.2169615068
232	0.216868909
233	0.2167789845
234	0.2166885633
235	0.2166302538
236	0.2165567264
237	0.2164558078
238	0.216369952
239	0.2162526683
240	0.2161379084
241	0.2160168829
242	0.215903845
243	0.2158201448
244	0.2157045447
245	0.2156091549
246	0.2155007818
247	0.2154009641
248	0.215314663
249	0.2152438346
250	0.2151737632
251	0.215078353
252	0.2149489676
253	0.2148701393
254	0.2147758041
255	0.2146585819
256	0.2145864016
257	0.214484868
258	0.214378893
259	0.2142846474
260	0.2141725077
261	0.2141124005
262	0.2140344882
263	0.2139519656
264	0.2138637757
265	0.213770429
266	0.2136768719
267	0.2135647258
268	0.2134861063
269	0.2134122412
270	0.2133353802
271	0.2132482142
272	0.2131586952
273	0.213075516
274	0.2130038976
275	0.2128752221
276	0.2127664252
277	0.2126781569
278	0.2126010708
279	0.2124959022
280	0.2123933561
281	0.2123126425
282	0.2122426149
283	0.2121364105
284	0.2120611447
285	0.211962848
286	0.2118713192
287	0.211773718
288	0.2117071383
289	0.2116193105
290	0.2115455216
291	0.2114554953
292	0.2113714134
293	0.2112849661
294	0.21121095
295	0.2111352102
296	0.2110425978
297	0.2109489783
298	0.2108352411
299	0.2107681934
300	0.2107002048
301	0.2106273424
302	0.2105277998
303	0.2104672306
304	0.2103969292
305	0.2103209998
306	0.2102456104
307	0.2101647557
308	0.2100921957
309	0.209986237
310	0.2098579978
311	0.2097726416
312	0.2096728769
313	0.2095986866
314	0.2095191696
315	0.2094319898
316	0.2093687657
317	0.2093140458
318	0.2092348876
319	0.2091517834
320	0.2090599096
321	0.2090016853
322	0.2089046986
323	0.2088129198
324	0.2087293878
325	0.2086447115
326	0.2085551428
327	0.208472833
328	0.2084229581
329	0.2083373195
330	0.2082734844
331	0.2082149575
332	0.2081515452
333	0.2080784317
334	0.2080189256
335	0.2079179729
336	0.2078080001
337	0.2077418844
338	0.2076522996
339	0.2075859501
340	0.2075373436
341	0.2074584486
342	0.2073855814
343	0.2073200866
344	0.2072629971
345	0.2071992129
346	0.207133317
347	0.2070739491
348	0.2070009789
349	0.2069306177
350	0.2068815076
351	0.2067978496
352	0.206709925
353	0.2066602572
354	0.2066023115
355	0.2065552187
356	0.2064655514
357	0.2063826837
358	0.2063081962
359	0.2062372264
360	0.206161554
361	0.2060895782
362	0.2060352473
363	0.2059694033
364	0.2058865139
365	0.2058086074
366	0.2057269089
367	0.2056677149
368	0.2056148424
369	0.2055350027
370	0.2054634965
371	0.2053880085
372	0.2053032265
373	0.2052165279
374	0.2051717299
375	0.2050819338
376	0.2050113619
377	0.2049576871
378	0.2048990879
379	0.2048204916
380	0.2047460448
381	0.2046653515
382	0.204563162
383	0.2044990271
384	0.2044488188
385	0.2043660281
386	0.2043079981
387	0.2042577132
388	0.2041974731
389	0.2041325271
390	0.2040587272
391	0.2040095404
392	0.2039599804
393	0.203880794
394	0.2038086305
395	0.2037545128
396	0.2036915911
397	0.2036289234
398	0.2035724394
399	0.2035126954
400	0.2034512433
401	0.203376188
402	0.2033061051
403	0.2032512062
404	0.2032093512
405	0.2031367654
406	0.2030813121
407	0.2030070028
408	0.202946952
409	0.2028603888
410	0.2027891527
411	0.202748963
412	0.2026618546
413	0.2026131504
414	0.202565843
415	0.2024936279
416	0.2024298424
417	0.2023618851
418	0.2022977021
419	0.2022565104
420	0.2021946722
421	0.2021350319
422	0.2020796415
423	0.2020257574
424	0.2019652523
425	0.2018835909
426	0.2018382182
427	0.2017674871
428	0.2017209833
429	0.2016580129
430	0.2015944106
431	0.2015233356
432	0.2014578026
433	0.2014027508
434	0.201324568
435	0.2012711747
436	0.2012136258
437	0.2011637836
438	0.2010924709
439	0.2010530594
440	0.2009971268
441	0.200951663
442	0.2008818293
443	0.2008424628
444	0.200787444
445	0.2007117308
446	0.2006641267
447	0.2006142303
448	0.2005528593
449	0.2004918822
450	0.2004555296
451	0.2003799943
452	0.2003317374
453	0.2002700585
454	0.2002147386
455	0.2001589486
456	0.2001073252
457	0.2000497348
458	0.1999882142
459	0.199927217
460	0.1998578861
461	0.199802319
462	0.1997447579
463	0.1996699298
464	0.1995957761
465	0.1995455001
466	0.1994895496
467	0.1994183047
468	0.1993568852
469	0.1993166989
470	0.199255822
471	0.1991988173
472	0.19912929
473	0.1990766639
474	0.1990335912
475	0.1989735984
476	0.1989240367
477	0.1988593838
478	0.1987976917
479	0.1987350028
480	0.1986686339
481	0.1986348097
482	0.1985925183
483	0.1985249462
484	0.1984748278
485	0.1984130963
486	0.1983597192
487	0.1983208972
488	0.1982581165
489	0.1982113905
490	0.1981465556
491	0.1980867784
492	0.1980404976
493	0.1979687744
494	0.1979176493
495	0.1978731857
496	0.19783174
497	0.1977992074
498	0.1977403679
499	0.1976837805
